4ab35d3e,Tortilla soup starter chicken broth,9244
48c5d111,Fresh miso ramen meal,3760
f2c4cc94,Spanish Rice,4086
5e5a58b,Gluten free ngon beef pho kit,6209
4ab16ffe,Jambalaya creole rice dinner mix,3006
83e7726a,Original ready rice,3511
4f29826c,Pork sausage,855
693fac8,Classic mashed potatoes,1528
c69921b5,Italian sides creamy garlic shells,4647
24d7164e,Margherita tomato sauce,5812
1fa5e1cc,Lemon pepper a blend of lentils,5032
5d9c39fe,Chicken cooking stock,9972
1018966c,Red pepper chickpea basil soup,6873
2d04fdb0,Harvest pilaf medley with ancient grains,2295
7b7e2dd6,"Campbell,s soup beef mushroom",7178
38549c7d,Cheese french bread pizzas,9534
75de8a1f,Original chick’n veggie nuggets,8825
a7965f8f,HEALTHY CHOICE Country Vegetable Soup,10032
ebe42f,Chickpea pasta mac and cheese,9664
345c6b41,Combination mini mozzarella cheese,2336
edd3497d,Chunky soup sirloin burger,7525
fa067cbd,Crab & corn chowder,9345
2b0e0838,Freschetta,9930
5a40c0a3,Penne rigate mozzarella salad,3386
8c1c4a8a,Spinach with rice,4553
a6b4d6b9,Authentic spanish recipe saffron yellow rice with parboiled rice,9395
47ba5f1e,Tuscan style chicken gluten free grilled white meat chicken and a blend of roasted vegetables topped with mozzarella cheese kitchen fresh pizza,6619
36f8274f,Long grain & wild rice,3043
caeff9c,"Campbell,s soup beef",5399
58b0c713,100% fat free ready to serve chicken broth,482
3d593e5b,Macaroni and cheese spirals,9268
99eaff49,Chicken broth,4941
4db03ebc,Beef with vegetables chunky soup,6339
cd099d68,Homestyle roast beef hash,9566
1bb5c30,Rosemary & sage organic & antibiotic free chicken bone broth,6251
690f0d33,Seven Whole Grains,4350
daf61d55,Creamy Mash,2668
51ababcb,Pork with barbecue sauce,5207
5d7723fc,Grilled italian style carved chicken breast,9192
9b33bb9a,Smoked fully cooked boneless seasoned pork steak cuts with a sweet & smoky kansas city style bbq sauce,8991
4939183b,Tamales Beef In Chili Sauce,8655
1f31e33b,Organic free range chicken broth,3435
4c55c8b2,Beef 50% less sodium broth,485
8e5df5f5,Buttery homestyle mashed potatoes,2754
e8dd4999,Beef hearty stew,6462
16439871,Progresso Vegetable Classics Tomato Basil Soup,8939
99d36f6b,Spicy chili soup,725
9605a491,Barre repas équilibre,2225
fc5de8c5,Vegetable broth,3146
1bc9d032,Tuna salad,1016
50e3251c,Corned beef hash,3584
c5cecad5,99% fat free vegetarian chili with beans,4280
b638f5e5,Sausage thin pizza,6381
fd7a488f,Autumn squash soup,10072
179ece65,"Campbell,s condensed soup tomato",3672
d51a5290,Organic lentil vegetable soup,2456
167daf29,Bacon & eggs flatbread breakfast sandwiches with scrambled cage-free eggs,5719
98d2a24e,Creamy coleslaw,1431
cd5da86f,Beefy onion soup & dip mix,7535
71b5eea9,Deli-style Coleslaw,8794
bb543b8f,Hot & spicy buffalo chicken flavor rice,9695
9e3a150b,BLAKES All Natural Shepherds Pie,6669
fc5de8c5,Vegetable broth,2939
7eeb79ef,Cream of chicken condensed soup,1771
5893c944,Garlic mashed potatoes,536
4b778f2e,Dirty long grain white rice,6993
