9187f1d3,Progresso Traditional Chicken Noodle Soup,5978
210dea49,Creamy tomato soup,495
fc5de8c5,Vegetable broth,2939
e7543b90,Chili con carne with beans,7478
18ef4567,Progresso Rich &amp; Hearty New England Clam Chowder,4449
103179b,Grilled fajita style carved chicken breast,10015
2f3a33a5,"Campbell,s well yes soup squash sweet potato",3540
c122ae6f,Classics fully cooked oven roasted turkey breast with broth,5970
b8b883c1,Progresso Vegetable Classics Tomato Rotini Soup,385
cb7f5b68,Spanish style brown rice with bell peppers and white beans,1697
467880b7,Jasmine rice,2493
95cb0c32,Ramen soup starter chicken broth,2562
61d159e0,Seasoned long grain white & wild rice,10305
f982feaf,Organic pizza crust topped with organic mozzarella,1839
942aba30,Potato Salad With Egg,8293
6c71c59e,Ramen Noodle Soup,5825
c5706432,Organic quinoa with sea salt,7337
fc5de8c5,Vegetable broth,3134
f16e846a,Ravioli Végétariens,2060
26f4bba7,Organic beef sipping bone broth,3485
a4981ab1,Long grain brown rice,2049
345c6b41,Combination mini mozzarella cheese,2336
d0958106,Beef broth,9086
59372313,Umami bone broth,5717
cb4561c5,"Campbell,s condensed soup chicken pasta",2315
a2993232,Tender pieces of lobster slow-simmered in a rich blend of stock,9324
15d25688,Homestyle butter mashed potatoes,6362
9605a491,Barre repas équilibre,2225
258fb6e3,Progresso Rich & Hearty Steak & Vegetables Soup,5512
bff9e16d,Medium italian sausage,4488
4f29826c,Pork sausage,855
2f6c661a,Pumpkin soup,3433
d7dfe329,Pulled rotisserie seasoned chicken,4313
fda488a3,Coleslaw,8934
b9f2e6d,Butter curry soup with chicken bone broth,1808
b2c7b22f,Thai style rice noodle salad,1905
409ebabb,"Campbell,s soup chicken broccoli & cheese",4760
1961c678,Dairy free wild salmon chowder,8327
bae5ede,Deep dish mini pizza,6927
e8216586,Reduced Sodium Chicken Broth,2964
7323b50c,Pub style supreme loaded with toppings sausage,10312
b5271575,Pepperoni pizza,7577
54eb94b4,Broccoli au gratin rice & orzo blend with broccoli & three cheeses,5570
5704b7b2,"Meatless meat lover,s gluten-free pizza",7024
f5ccccc5,Gourmet heat and eat rice bowls,9773
bd5a01a2,Pizza cheese,2540
766e5e83,Fully cooked hickory smoked boneless honey ham steaks,4723
8e4c4a53,Sesame ginger asian noodle salad with carrots,4830
7fbe369,4 cheese mozzarella,8430
13bb9510,Pepperoni pizza topped with pepperoni slices,556
344cfeba,"Campbell,s soup cream mushroom",1636
d0958106,Beef broth,9088
c122ae6f,Classics fully cooked oven roasted turkey breast with broth,5970
e432ddca,Chicken stock,9112
b64f80e2,Formula 1,3847
68b1edd7,Un-tuna deli style chickpea salad,1549
efdec8ff,Spicy black bean soup,5277
f9f12818,Sushi & nishime,1353
bf1bc943,Sofrito tomato cooking base ounces,9572
63488131,Long grain & wild rice with herbs & seasonings,6405
45a8cab3,Pasta Roni Parmesan Cheese 5.1 Ounce Paper Box,10018
3fbde956,Chicken noodle soup,804
3518dca2,Chili no beans,2179
63f235ad,Organic white cheddar shell pasta & cheese sauce,8295
93f46450,"Plant-based be,f & vegetable soup",7356
48c5d111,Fresh miso ramen meal,3760
750d24bf,CHEF BOYARDEE Mini Ravioli,5803
4e52a044,White cheddar broccoli whole wheat pasta & sauce,8262
2314171,Progresso Vegetable Broth,2819
ecc1c73,"Campbell,s condensed soup cream mushroom",8001
690e8593,Great value,9830
